[
  { "img": "dapp", "url": "https://www.dapp.com/app/milkshakeswap" },
  {
    "img": "dappradar",
    "url": "https://dappradar.com/binance-smart-chain/defi/milkshakeswap"
  },
  {
    "img": "coinmarketcap",
    "url": "https://coinmarketcap.com/currencies/milkshakeswap-finance/"
  },
  {
    "img": "digitalcoinprice",
    "url": "https://digitalcoinprice.com/coins/milkshakeswap-finance"
  },
  { "img": "findus_coinmooner", "url": "https://coinmooner.com/coin/5032" },
  {
    "img": "coingecko",
    "url": "https://www.coingecko.com/en/coins/milkshake-swap"
  },
  {
    "img": "atrospace",
    "url": "https://astrospaces.io/coins/bep20/0xc9bcf3f71e37579a4a42591b09c9dd93dfe27965"
  },
  {
    "img": "coin-codex",
    "url": "https://coincodex.com/crypto/milkshakeswap-finance/"
  },
  {
    "img": "coin98",
    "url": "https://markets.coin98.com/currencies/milkshakeswap"
  },
  {
    "img": "nomics",
    "url": "https://nomics.com/assets/milk6-milkshakeswap-toke"
  },
  {
    "img": "apeswap",
    "url": "https://apeswap.finance/swap?inputCurrency=0x603c7f932ED1fc6575303D8Fb018fDCBb0f39a95&outputCurrency=0xc9bCF3f71E37579A4A42591B09c9dd93Dfe27965"
  },
  {
    "img": "arken",
    "url": "https://swap.arken.finance/tokens/bsc/0xc9bcf3f71e37579a4a42591b09c9dd93dfe27965"
  },
  {
    "img": "athcoinindex",
    "url": "https://athcoinindex.com/coin/milkshakeswap"
  },
  {
    "img": "bitquery",
    "url": "https://explorer.bitquery.io/bsc/token/0xc9bcf3f71e37579a4a42591b09c9dd93dfe27965"
  },
  {
    "img": "coinalpha",
    "url": "https://coinalpha.app/token/0xc9bCF3f71E37579A4A42591B09c9dd93Dfe27965"
  },
  {
    "img": "coincheckup",
    "url": "https://coincheckup.com/coins/milk-protocol"
  },
  {
    "img": "coincost",
    "url": "https://coincost.net/en/currency/milkshakeswap?from=search"
  },
  {
    "img": "coin-data-flow",
    "url": "https://coindataflow.com/en/currency/milkshakeswap"
  },
  {
    "img": "coinpaprika",
    "url": "https://coinpaprika.com/coin/milk-milkshake-swap/"
  },
  { "img": "coinstats", "url": "https://coinstats.app/coins/milkshakeswap/" },
  { "img": "cointobuy", "url": "https://cointobuy.io/milkshakeswap-finance" },
  { "img": "cyrptorank", "url": "https://cryptorank.io/price/milkshakeswap" },
  {
    "img": "flooz",
    "url": "https://flooz.trade/trade/0xc9bCF3f71E37579A4A42591B09c9dd93Dfe27965?refId=ikUONy"
  },
  {
    "img": "gethunters",
    "url": "https://gemhunters.net/coin/milkshake-swap-2/"
  },
  {
    "img": "livecoinwatch",
    "url": "https://www.livecoinwatch.com/price/MilkshakeSwap-__MILK"
  },
  { "img": "messari", "url": "https://messari.io/asset/milkshakeswap " }
]
