[
    {
      "inputs": [
        {
          "internalType": "contract MILKToken",
          "name": "_MILK",
          "type": "address"
        },
        {
          "internalType": "address",
          "name": "_devaddr",
          "type": "address"
        },
        {
          "internalType": "address",
          "name": "_feeAddress",
          "type": "address"
        },
        {
          "internalType": "uint256",
          "name": "_MILKPerBlock",
          "type": "uint256"
        },
        {
          "internalType": "uint256",
          "name": "_startBlock",
          "type": "uint256"
        }
      ],
      "stateMutability": "nonpayable",
      "type": "constructor"
    },
    {
      "anonymous": false,
      "inputs": [
        {
          "indexed": true,
          "internalType": "address",
          "name": "user",
          "type": "address"
        },
        {
          "indexed": true,
          "internalType": "uint256",
          "name": "pid",
          "type": "uint256"
        },
        {
          "indexed": false,
          "internalType": "uint256",
          "name": "amount",
          "type": "uint256"
        }
      ],
      "name": "Deposit",
      "type": "event"
    },
    {
      "anonymous": false,
      "inputs": [
        {
          "indexed": true,
          "internalType": "address",
          "name": "user",
          "type": "address"
        },
        {
          "indexed": true,
          "internalType": "uint256",
          "name": "pid",
          "type": "uint256"
        },
        {
          "indexed": false,
          "internalType": "uint256",
          "name": "amount",
          "type": "uint256"
        }
      ],
      "name": "EmergencyWithdraw",
      "type": "event"
    },
    {
      "anonymous": false,
      "inputs": [
        {
          "indexed": true,
          "internalType": "address",
          "name": "previousOwner",
          "type": "address"
        },
        {
          "indexed": true,
          "internalType": "address",
          "name": "newOwner",
          "type": "address"
        }
      ],
      "name": "OwnershipTransferred",
      "type": "event"
    },
    {
      "anonymous": false,
      "inputs": [
        {
          "indexed": true,
          "internalType": "address",
          "name": "user",
          "type": "address"
        },
        {
          "indexed": true,
          "internalType": "uint256",
          "name": "pid",
          "type": "uint256"
        },
        {
          "indexed": false,
          "internalType": "uint256",
          "name": "amount",
          "type": "uint256"
        }
      ],
      "name": "Withdraw",
      "type": "event"
    },
    {
      "inputs": [],
      "name": "BONUS_MULTIPLIER",
      "outputs": [
        {
          "internalType": "uint256",
          "name": "",
          "type": "uint256"
        }
      ],
      "stateMutability": "view",
      "type": "function",
      "constant": true
    },
    {
      "inputs": [],
      "name": "devaddr",
      "outputs": [
        {
          "internalType": "address",
          "name": "",
          "type": "address"
        }
      ],
      "stateMutability": "view",
      "type": "function",
      "constant": true
    },
    {
      "inputs": [],
      "name": "MILK",
      "outputs": [
        {
          "internalType": "contract MILKToken",
          "name": "",
          "type": "address"
        }
      ],
      "stateMutability": "view",
      "type": "function",
      "constant": true
    },
    {
      "inputs": [],
      "name": "MILKPerBlock",
      "outputs": [
        {
          "internalType": "uint256",
          "name": "",
          "type": "uint256"
        }
      ],
      "stateMutability": "view",
      "type": "function",
      "constant": true
    },
    {
      "inputs": [],
      "name": "feeAddress",
      "outputs": [
        {
          "internalType": "address",
          "name": "",
          "type": "address"
        }
      ],
      "stateMutability": "view",
      "type": "function",
      "constant": true
    },
    {
      "inputs": [],
      "name": "owner",
      "outputs": [
        {
          "internalType": "address",
          "name": "",
          "type": "address"
        }
      ],
      "stateMutability": "view",
      "type": "function",
      "constant": true
    },
    {
      "inputs": [
        {
          "internalType": "uint256",
          "name": "",
          "type": "uint256"
        }
      ],
      "name": "poolInfo",
      "outputs": [
        {
          "internalType": "contract IBEP20",
          "name": "lpToken",
          "type": "address"
        },
        {
          "internalType": "uint256",
          "name": "allocPoint",
          "type": "uint256"
        },
        {
          "internalType": "uint256",
          "name": "lastRewardBlock",
          "type": "uint256"
        },
        {
          "internalType": "uint256",
          "name": "accMILKPerShare",
          "type": "uint256"
        },
        {
          "internalType": "uint16",
          "name": "depositFeeBP",
          "type": "uint16"
        }
      ],
      "stateMutability": "view",
      "type": "function",
      "constant": true
    },
    {
      "inputs": [],
      "name": "renounceOwnership",
      "outputs": [],
      "stateMutability": "nonpayable",
      "type": "function"
    },
    {
      "inputs": [],
      "name": "startBlock",
      "outputs": [
        {
          "internalType": "uint256",
          "name": "",
          "type": "uint256"
        }
      ],
      "stateMutability": "view",
      "type": "function",
      "constant": true
    },
    {
      "inputs": [],
      "name": "totalAllocPoint",
      "outputs": [
        {
          "internalType": "uint256",
          "name": "",
          "type": "uint256"
        }
      ],
      "stateMutability": "view",
      "type": "function",
      "constant": true
    },
    {
      "inputs": [
        {
          "internalType": "address",
          "name": "newOwner",
          "type": "address"
        }
      ],
      "name": "transferOwnership",
      "outputs": [],
      "stateMutability": "nonpayable",
      "type": "function"
    },
    {
      "inputs": [
        {
          "internalType": "uint256",
          "name": "",
          "type": "uint256"
        },
        {
          "internalType": "address",
          "name": "",
          "type": "address"
        }
      ],
      "name": "userInfo",
      "outputs": [
        {
          "internalType": "uint256",
          "name": "amount",
          "type": "uint256"
        },
        {
          "internalType": "uint256",
          "name": "rewardDebt",
          "type": "uint256"
        }
      ],
      "stateMutability": "view",
      "type": "function",
      "constant": true
    },
    {
      "inputs": [],
      "name": "poolLength",
      "outputs": [
        {
          "internalType": "uint256",
          "name": "",
          "type": "uint256"
        }
      ],
      "stateMutability": "view",
      "type": "function",
      "constant": true
    },
    {
      "inputs": [
        {
          "internalType": "uint256",
          "name": "_allocPoint",
          "type": "uint256"
        },
        {
          "internalType": "contract IBEP20",
          "name": "_lpToken",
          "type": "address"
        },
        {
          "internalType": "uint16",
          "name": "_depositFeeBP",
          "type": "uint16"
        },
        {
          "internalType": "bool",
          "name": "_withUpdate",
          "type": "bool"
        }
      ],
      "name": "add",
      "outputs": [],
      "stateMutability": "nonpayable",
      "type": "function"
    },
    {
      "inputs": [
        {
          "internalType": "uint256",
          "name": "_pid",
          "type": "uint256"
        },
        {
          "internalType": "uint256",
          "name": "_allocPoint",
          "type": "uint256"
        },
        {
          "internalType": "uint16",
          "name": "_depositFeeBP",
          "type": "uint16"
        },
        {
          "internalType": "bool",
          "name": "_withUpdate",
          "type": "bool"
        }
      ],
      "name": "set",
      "outputs": [],
      "stateMutability": "nonpayable",
      "type": "function"
    },
    {
      "inputs": [
        {
          "internalType": "uint256",
          "name": "_from",
          "type": "uint256"
        },
        {
          "internalType": "uint256",
          "name": "_to",
          "type": "uint256"
        }
      ],
      "name": "getMultiplier",
      "outputs": [
        {
          "internalType": "uint256",
          "name": "",
          "type": "uint256"
        }
      ],
      "stateMutability": "view",
      "type": "function",
      "constant": true
    },
    {
      "inputs": [
        {
          "internalType": "uint256",
          "name": "_pid",
          "type": "uint256"
        },
        {
          "internalType": "address",
          "name": "_user",
          "type": "address"
        }
      ],
      "name": "pendingMILK",
      "outputs": [
        {
          "internalType": "uint256",
          "name": "",
          "type": "uint256"
        }
      ],
      "stateMutability": "view",
      "type": "function",
      "constant": true
    },
    {
      "inputs": [],
      "name": "massUpdatePools",
      "outputs": [],
      "stateMutability": "nonpayable",
      "type": "function"
    },
    {
      "inputs": [
        {
          "internalType": "uint256",
          "name": "_pid",
          "type": "uint256"
        }
      ],
      "name": "updatePool",
      "outputs": [],
      "stateMutability": "nonpayable",
      "type": "function"
    },
    {
      "inputs": [
        {
          "internalType": "uint256",
          "name": "_pid",
          "type": "uint256"
        },
        {
          "internalType": "uint256",
          "name": "_amount",
          "type": "uint256"
        }
      ],
      "name": "deposit",
      "outputs": [],
      "stateMutability": "nonpayable",
      "type": "function"
    },
    {
      "inputs": [
        {
          "internalType": "uint256",
          "name": "_pid",
          "type": "uint256"
        },
        {
          "internalType": "uint256",
          "name": "_amount",
          "type": "uint256"
        }
      ],
      "name": "withdraw",
      "outputs": [],
      "stateMutability": "nonpayable",
      "type": "function"
    },
    {
      "inputs": [
        {
          "internalType": "uint256",
          "name": "_pid",
          "type": "uint256"
        }
      ],
      "name": "emergencyWithdraw",
      "outputs": [],
      "stateMutability": "nonpayable",
      "type": "function"
    },
    {
      "inputs": [
        {
          "internalType": "address",
          "name": "_devaddr",
          "type": "address"
        }
      ],
      "name": "dev",
      "outputs": [],
      "stateMutability": "nonpayable",
      "type": "function"
    },
    {
      "inputs": [
        {
          "internalType": "address",
          "name": "_feeAddress",
          "type": "address"
        }
      ],
      "name": "setFeeAddress",
      "outputs": [],
      "stateMutability": "nonpayable",
      "type": "function"
    },
    {
      "inputs": [
        {
          "internalType": "uint256",
          "name": "_MILKPerBlock",
          "type": "uint256"
        }
      ],
      "name": "updateEmissionRate",
      "outputs": [],
      "stateMutability": "nonpayable",
      "type": "function"
    },
    {
      "inputs": [
        {
          "internalType": "address",
          "name": "",
          "type": "address"
        }
      ],
      "name": "affinfo",
      "outputs": [
        {
          "internalType": "bool",
          "name": "isregistered",
          "type": "bool"
        },
        {
          "internalType": "uint256",
          "name": "affRewards",
          "type": "uint256"
        },
        {
          "internalType": "address",
          "name": "affFrom",
          "type": "address"
        },
        {
          "internalType": "uint256",
          "name": "aff1sum",
          "type": "uint256"
        },
        {
          "internalType": "uint256",
          "name": "aff2sum",
          "type": "uint256"
        },
        {
          "internalType": "uint256",
          "name": "aff3sum",
          "type": "uint256"
        },
        {
          "internalType": "uint256",
          "name": "aff4sum",
          "type": "uint256"
        },
        {
          "internalType": "uint256",
          "name": "aff5sum",
          "type": "uint256"
        },
        {
          "internalType": "uint256",
          "name": "aff6sum",
          "type": "uint256"
        },
        {
          "internalType": "uint256",
          "name": "aff7sum",
          "type": "uint256"
        },
        {
          "internalType": "uint256",
          "name": "aff8sum",
          "type": "uint256"
        }
      ],
      "stateMutability": "view",
      "type": "function"
    },
    {
      "inputs": [
        {
          "internalType": "address",
          "name": "_affaddress",
          "type": "address"
        }
      ],
      "name": "register",
      "outputs": [],
      "stateMutability": "nonpayable",
      "type": "function"
    }
  ]
  